emp_no,first_name,last_name,title,to_date
10095,Hilari,Morton,Senior Staff,9999-01-01
10122,Ohad,Esposito,Technique Leader,9999-01-01
10291,Dipayan,Seghrouchni,Senior Staff,9999-01-01
10476,Kokou,Iisaka,Staff,9999-01-01
10663,Teunis,Noriega,Technique Leader,9999-01-01
10762,Lech,Himler,Senior Staff,9999-01-01
10933,Juyoung,Seghrouchni,Senior Engineer,9999-01-01
12155,Keiichiro,Glinert,Engineer,9999-01-01
12408,Rasiah,Sudkamp,Senior Engineer,9999-01-01
12643,Morrie,Schurmann,Staff,9999-01-01
13499,Kazuhiko,Sidou,Technique Leader,9999-01-01
14075,Denny,Tchuente,Assistant Engineer,9999-01-01
14104,Sudhanshu,Demian,Staff,9999-01-01
14127,Magdalena,Cannard,Engineer,9999-01-01
14158,Caolyn,Setiz,Senior Staff,9999-01-01
14476,Sastry,Marrevee,Engineer,9999-01-01
14907,Nakhoon,Luga,Senior Staff,9999-01-01
15050,Nikolaos,Kruskal,Engineer,9999-01-01
15058,Bouchung,Bugrara,Senior Staff,9999-01-01
15413,Arvin,Rabejac,Engineer,9999-01-01
16461,Remmert,Schahn,Staff,9999-01-01
16528,Gaurav,Swick,Assistant Engineer,9999-01-01
17013,Morris,Garigliano,Senior Staff,9999-01-01
17206,Berry,DeMori,Senior Engineer,9999-01-01
17369,Yaghout,Kenevan,Engineer,9999-01-01
17447,Zengping,Boreale,Staff,9999-01-01
17731,Gennady,Roison,Assistant Engineer,9999-01-01
17970,Filipp,Carrere,Technique Leader,9999-01-01
17988,Mabhin,Calkin,Senior Engineer,9999-01-01
18021,Adil,Matzke,Engineer,9999-01-01
18424,Filipp,Rousseau,Engineer,9999-01-01
18583,Stafford,Honglei,Staff,9999-01-01
18617,Surveyors,Crouzet,Senior Staff,9999-01-01
18810,Taiji,Jarecki,Senior Engineer,9999-01-01
19236,Elzbieta,Morris,Engineer,9999-01-01
19350,Satoru,Yoshizawa,Staff,9999-01-01
19803,Ziva,Kowalchuk,Engineer,9999-01-01
20100,Utz,Heuter,Staff,9999-01-01
20128,Kazunori,Peak,Senior Staff,9999-01-01
20129,Rafael,Skafidas,Engineer,9999-01-01
20248,Vidar,Demri,Staff,9999-01-01
20313,Candida,Benveniste,Engineer,9999-01-01
20500,Christoph,Trystram,Senior Staff,9999-01-01
20885,Otmar,Rothenberg,Senior Engineer,9999-01-01
21181,Jianhui,Cangellaris,Assistant Engineer,9999-01-01
21188,Piyush,Danecki,Engineer,9999-01-01
21546,Yongmin,Lanteri,Senior Staff,9999-01-01
21843,Karsten,Azadmanesh,Senior Engineer,9999-01-01
21909,Mohammed,Brizzi,Senior Staff,9999-01-01
22185,Huai,Birch,Engineer,9999-01-01
22415,Perla,Jumpertz,Senior Staff,9999-01-01
22451,Jasminko,Bresenham,Senior Staff,9999-01-01
22455,Barry,Unno,Senior Staff,9999-01-01
22926,Manibrata,Genther,Engineer,9999-01-01
23396,Hilari,Fairtlough,Technique Leader,9999-01-01
24080,Jaana,Perez,Technique Leader,9999-01-01
24205,Roddy,Rubsam,Senior Engineer,9999-01-01
24377,Lubomir,Wroclawski,Senior Engineer,9999-01-01
24394,Zhonghui,Conta,Staff,9999-01-01
24553,Anwar,Passafiume,Senior Staff,9999-01-01
24571,Cordelia,Gischer,Senior Engineer,9999-01-01
25488,Ingmar,Basawa,Senior Staff,9999-01-01
26629,Nevin,Rodham,Senior Staff,9999-01-01
26671,Jiakeng,Kalorkoti,Senior Engineer,9999-01-01
26788,Zongyan,Dalphin,Engineer,9999-01-01
27331,Wanqing,Krohm,Senior Staff,9999-01-01
27378,Piyawadee,Leppanen,Senior Staff,9999-01-01
27620,Shuji,Kandlur,Engineer,9999-01-01
27686,Manu,Rosiles,Senior Staff,9999-01-01
27699,Falguni,Pezzoli,Engineer,9999-01-01
27767,Tooru,Veldwijk,Senior Staff,9999-01-01
28193,Xinglin,Mitsuhashi,Engineer,9999-01-01
28974,Chenxi,Sundgren,Senior Engineer,9999-01-01
28988,Tua,Giveon,Technique Leader,9999-01-01
29130,Xumin,Thorensen,Staff,9999-01-01
29265,Gilbert,Calkin,Staff,9999-01-01
29380,Satoru,Vidal,Assistant Engineer,9999-01-01
29418,Valery,Mersereau,Assistant Engineer,9999-01-01
29679,Kolar,Steenbeek,Senior Engineer,9999-01-01
29782,Jouko,Hellwagner,Senior Engineer,9999-01-01
29954,Pranay,Giarratana,Senior Engineer,9999-01-01
30007,Kousuke,Vecchio,Senior Engineer,9999-01-01
30035,Tetsushi,Conta,Senior Staff,9999-01-01
30154,Mayuko,Skafidas,Technique Leader,9999-01-01
30182,Leon,Potthoff,Engineer,9999-01-01
30465,Randi,Avouris,Engineer,9999-01-01
30484,Sailaja,Chvatal,Staff,9999-01-01
30695,Gudjon,Majewski,Senior Engineer,9999-01-01
30938,Yakkov,Samarati,Senior Staff,9999-01-01
31147,Divine,Sidhu,Senior Staff,9999-01-01
31188,Leandro,Gist,Technique Leader,9999-01-01
31207,Abdelwaheb,Dulin,Senior Engineer,9999-01-01
31341,Oksana,Zultner,Senior Staff,9999-01-01
31514,Harngdar,Schapire,Senior Engineer,9999-01-01
31568,Mark,Lalonde,Staff,9999-01-01
31909,Murthy,Peek,Engineer,9999-01-01
32347,Terresa,Peres,Staff,9999-01-01
32552,Atreye,Stanger,Engineer,9999-01-01
32649,Ingmar,Nannarelli,Senior Staff,9999-01-01
32714,Radoslaw,Maliniak,Staff,9999-01-01
32844,Tadahiko,Melton,Engineer,9999-01-01
33025,Jessie,Thorelli,Senior Staff,9999-01-01
33215,Steen,Fasbender,Technique Leader,9999-01-01
33722,Anwar,Collette,Senior Engineer,9999-01-01
34077,Angel,Sichman,Senior Staff,9999-01-01
34261,Kyoichi,Callaway,Senior Staff,9999-01-01
34446,Chinhyun,Bauknecht,Senior Engineer,9999-01-01
34452,Naftaly,Foong,Engineer,9999-01-01
34505,Felicidad,Kumaresan,Senior Staff,9999-01-01
34533,Erzsebet,Shigei,Senior Engineer,9999-01-01
34780,Moni,Kohling,Staff,9999-01-01
34788,Ennio,Babu,Senior Engineer,9999-01-01
34936,Bokyung,Stamatiou,Technique Leader,9999-01-01
35044,Jiang,Waschkowski,Engineer,9999-01-01
35087,Leif,Ashish,Senior Staff,9999-01-01
35441,Chandrasekaran,Peek,Engineer,9999-01-01
35642,Ashish,Talmon,Engineer,9999-01-01
35793,Oscar,Kusalik,Senior Staff,9999-01-01
35798,Ulf,Oberman,Senior Engineer,9999-01-01
36521,Serif,Gladwell,Senior Staff,9999-01-01
36626,Fen,Genin,Senior Staff,9999-01-01
36733,Uma,Reinhard,Staff,9999-01-01
36844,Hailing,Levergood,Staff,9999-01-01
36982,Kotesh,Rajala,Senior Engineer,9999-01-01
37070,Jeong,Undy,Senior Staff,9999-01-01
37945,Suzette,Butterworth,Senior Engineer,9999-01-01
38043,Michaela,Randi,Engineer,9999-01-01
38103,Masasuke,Babu,Senior Engineer,9999-01-01
38168,Fumiko,Deverell,Staff,9999-01-01
38550,JoAnne,Baez,Senior Engineer,9999-01-01
38593,Huei,Orsini,Senior Engineer,9999-01-01
38947,Shuichi,Ruemmler,Staff,9999-01-01
39000,Martijn,Vendrig,Senior Staff,9999-01-01
39036,Changho,Cappelli,Staff,9999-01-01
39301,Rimon,Kawashima,Staff,9999-01-01
39341,Mahmut,Lampe,Engineer,9999-01-01
39952,Otmar,Sudbeck,Staff,9999-01-01
40269,Toshiki,Ghazalie,Staff,9999-01-01
40283,Sudhanshu,Boissier,Engineer,9999-01-01
40301,Spyrose,Felder,Senior Engineer,9999-01-01
40536,Harngdar,Bernardinello,Engineer,9999-01-01
40765,Michaela,Ramsak,Staff,9999-01-01
40773,Shimshon,Aingworth,Senior Staff,9999-01-01
40983,Marla,Cherinka,Technique Leader,9999-01-01
41114,Petter,Thummel,Technique Leader,9999-01-01
41137,Bikash,Buchter,Senior Staff,9999-01-01
41357,Willard,Vernadat,Engineer,9999-01-01
41518,Keung,Schapiro,Senior Engineer,9999-01-01
41520,Xiong,Uhrik,Senior Engineer,9999-01-01
41609,Yucai,Simmen,Senior Staff,9999-01-01
42778,Shuji,Remmers,Senior Staff,9999-01-01
42911,Brigham,Eterovic,Engineer,9999-01-01
42950,Shaleah,Eickenmeyer,Senior Staff,9999-01-01
42955,Yucel,Lortz,Engineer,9999-01-01
43154,Maha,Waterhouse,Senior Staff,9999-01-01
43733,Huei,Boguraev,Staff,9999-01-01
43848,Phillip,Oxenboll,Engineer,9999-01-01
44054,Alenka,Ritcey,Engineer,9999-01-01
44265,Maria,Eppinger,Engineer,9999-01-01
44540,Mingzeng,Sadowski,Senior Engineer,9999-01-01
44900,Mark,Schwaller,Senior Staff,9999-01-01
44959,Volkmar,Uhrik,Senior Engineer,9999-01-01
44962,Sariel,Wynblatt,Assistant Engineer,9999-01-01
45162,Dulce,Speel,Engineer,9999-01-01
46000,Zhaofang,Penn,Senior Staff,9999-01-01
46328,Wuxu,Trogemann,Senior Staff,9999-01-01
46811,Junsik,Berendt,Senior Engineer,9999-01-01
46834,Tooru,Daescu,Senior Staff,9999-01-01
46943,Pasqua,Maraist,Senior Engineer,9999-01-01
47016,Toong,Litecky,Senior Staff,9999-01-01
47139,Marco,Usdin,Engineer,9999-01-01
47262,Gonzalo,Binkley,Senior Engineer,9999-01-01
47515,Naraig,Jenevein,Senior Engineer,9999-01-01
47702,Juyoung,Vieri,Senior Staff,9999-01-01
47708,Edwin,Haldar,Senior Staff,9999-01-01
48275,Sariel,Massonet,Senior Staff,9999-01-01
48690,Hitomi,Schaap,Staff,9999-01-01
48882,Leen,Lamparter,Engineer,9999-01-01
48904,Yuichiro,Malabarba,Senior Staff,9999-01-01
48947,Filipp,Akaboshi,Senior Staff,9999-01-01
49010,Kazuhisa,Benantar,Senior Staff,9999-01-01
49017,Filipp,Flanders,Engineer,9999-01-01
49119,Lena,Peek,Engineer,9999-01-01
49177,Tze,Bach,Engineer,9999-01-01
49464,Siddarth,Cappelletti,Staff,9999-01-01
49477,Baocai,Leaver,Senior Staff,9999-01-01
50293,Xinan,Rindone,Engineer,9999-01-01
50311,Mooi,Stafford,Senior Engineer,9999-01-01
50453,Aron,Harbusch,Staff,9999-01-01
50670,Boguslaw,Snedden,Staff,9999-01-01
50831,Marie,Khalid,Senior Engineer,9999-01-01
51036,Chriss,Fasbender,Staff,9999-01-01
51057,Theirry,Albarhamtoshy,Senior Staff,9999-01-01
51060,Youngkon,Rohrbach,Senior Engineer,9999-01-01
51142,Rosine,Lakshmanan,Engineer,9999-01-01
52038,Chikako,Armand,Senior Engineer,9999-01-01
52040,Phule,Heijenga,Staff,9999-01-01
52283,Trygve,Krupka,Senior Staff,9999-01-01
52386,Adas,Denti,Senior Staff,9999-01-01
52590,Jouni,Munoz,Staff,9999-01-01
52599,Augustine,Mungall,Engineer,9999-01-01
52639,Arup,Colorni,Senior Staff,9999-01-01
52770,Shugo,Yurek,Senior Staff,9999-01-01
52778,Alain,Penn,Technique Leader,9999-01-01
52956,Khalil,Picci,Engineer,9999-01-01
52970,Lobel,Werthner,Engineer,9999-01-01
53278,Premsyl,Lortz,Senior Staff,9999-01-01
53314,Eberhardt,Carrera,Staff,9999-01-01
53431,Sham,Vasanthakumar,Senior Staff,9999-01-01
53499,Zdislav,Mandelberg,Engineer,9999-01-01
53597,Jiafu,Marchegay,Engineer,9999-01-01
53874,Bodo,Schade,Senior Staff,9999-01-01
53924,Arnould,Gaughan,Engineer,9999-01-01
54198,Shaowen,Segond,Engineer,9999-01-01
54632,Etsuo,Serot,Senior Staff,9999-01-01
54795,Sumant,Nergos,Staff,9999-01-01
54800,Breannda,Cangellaris,Staff,9999-01-01
55640,Adit,Syrotiuk,Senior Engineer,9999-01-01
55687,Shih,Lindqvist,Senior Engineer,9999-01-01
55799,Jianwen,Litzler,Engineer,9999-01-01
55857,Adin,Scallan,Senior Staff,9999-01-01
56105,Makato,Remmers,Senior Engineer,9999-01-01
56209,Remzi,Douceur,Engineer,9999-01-01
56415,Sigeru,Nivat,Staff,9999-01-01
56428,Olivera,Hanabata,Senior Staff,9999-01-01
56682,Roded,Picco,Assistant Engineer,9999-01-01
56829,Nagui,Gruenwald,Engineer,9999-01-01
56847,Menkae,Chinin,Senior Engineer,9999-01-01
57934,Sanjoy,Boudaillier,Senior Engineer,9999-01-01
58141,Bezalel,Karner,Staff,9999-01-01
58147,Shigenori,Sullins,Senior Staff,9999-01-01
58384,Mariusz,Vural,Senior Engineer,9999-01-01
58454,Ziya,Zambonelli,Engineer,9999-01-01
58497,Yechiam,Cairo,Senior Staff,9999-01-01
58819,Gennady,Liesche,Senior Staff,9999-01-01
58990,Palash,Trelles,Engineer,9999-01-01
59195,Ronnie,Pollock,Technique Leader,9999-01-01
59640,Zita,Hiltgen,Staff,9999-01-01
59869,Zsolt,Riefers,Staff,9999-01-01
59966,Steen,Salvesen,Technique Leader,9999-01-01
60000,Heekeun,Emmart,Assistant Engineer,9999-01-01
60091,Surveyors,Bade,Senior Staff,9999-01-01
60238,Erzsebet,Claffy,Staff,9999-01-01
60559,Jeanna,Stemann,Senior Engineer,9999-01-01
60821,Moty,Mersereau,Senior Staff,9999-01-01
60845,Bedir,Siegrist,Engineer,9999-01-01
60875,Rildo,Masaki,Engineer,9999-01-01
60959,Tetsushi,Sridhar,Senior Staff,9999-01-01
61147,Leszek,Werthner,Staff,9999-01-01
61253,Cheong,Uhrik,Engineer,9999-01-01
61377,Dannz,Ohori,Senior Staff,9999-01-01
61541,Kasidit,Papsdorf,Senior Engineer,9999-01-01
61873,Woody,Rusmann,Engineer,9999-01-01
62033,Heeju,Cappelli,Engineer,9999-01-01
62046,Karlis,Nanard,Engineer,9999-01-01
62245,Adel,Bressoud,Engineer,9999-01-01
63294,Tetsushi,Tanemo,Senior Engineer,9999-01-01
63419,Hiroyasu,Seuren,Senior Engineer,9999-01-01
63441,Hinrich,Scallan,Staff,9999-01-01
63566,Heekeun,Slaats,Senior Staff,9999-01-01
63631,Falguni,Cherinka,Senior Engineer,9999-01-01
63706,Sedat,Itzigehl,Engineer,9999-01-01
64023,Laurentiu,Benzmuller,Senior Engineer,9999-01-01
64209,Golgen,Schoegge,Senior Staff,9999-01-01
64487,Tsutomu,Rebaine,Engineer,9999-01-01
64532,Atilio,Segond,Engineer,9999-01-01
64632,Zsolt,Brender,Senior Staff,9999-01-01
64790,Shin,Piveteau,Engineer,9999-01-01
64828,Krister,Pappas,Staff,9999-01-01
64984,Eldridge,Eldridge,Engineer,9999-01-01
65171,Jeane,Tasistro,Technique Leader,9999-01-01
65539,Aksel,Picaronny,Engineer,9999-01-01
65883,Patricia,Pepe,Senior Staff,9999-01-01
65998,Mandell,Alameldin,Senior Staff,9999-01-01
66382,Domenico,Candan,Engineer,9999-01-01
66530,Dung,Leaver,Staff,9999-01-01
66643,Jianhao,Tomescu,Engineer,9999-01-01
66702,Deniz,Thibadeau,Engineer,9999-01-01
66757,Yonghong,Baig,Staff,9999-01-01
66807,Aiman,Rosaz,Senior Engineer,9999-01-01
67320,Sadok,Lorys,Senior Staff,9999-01-01
67548,Fumitaka,Roohalamini,Staff,9999-01-01
67934,Aiman,Gargeya,Engineer,9999-01-01
68416,Munenori,Debuse,Senior Engineer,9999-01-01
68608,Yucai,Seghrouchni,Senior Engineer,9999-01-01
68633,Chinhyun,Rassart,Senior Engineer,9999-01-01
68648,Jaques,DiGiano,Technique Leader,9999-01-01
69052,Shietung,Shrader,Senior Staff,9999-01-01
69219,Shuky,Redmiles,Senior Staff,9999-01-01
69867,Miyeon,Rothe,Senior Staff,9999-01-01
69878,Chinya,Cooke,Engineer,9999-01-01
69936,Lalit,Unni,Assistant Engineer,9999-01-01
70469,Tru,Miyakawa,Senior Staff,9999-01-01
70990,Arumugam,Nitta,Senior Engineer,9999-01-01
71066,Domenick,Basart,Staff,9999-01-01
71141,Sajjad,Vitiello,Senior Staff,9999-01-01
71188,Pranjal,Schapiro,Senior Staff,9999-01-01
71243,Kinh,Buchter,Engineer,9999-01-01
71334,Cathie,Peck,Senior Engineer,9999-01-01
71685,Kristinn,Olano,Senior Engineer,9999-01-01
71710,Hitomi,Takanami,Assistant Engineer,9999-01-01
71745,Adil,Laventhal,Assistant Engineer,9999-01-01
72190,Sajjad,Waeselynck,Engineer,9999-01-01
72194,Feiyu,Siepmann,Senior Engineer,9999-01-01
72232,Naraig,Veldwijk,Engineer,9999-01-01
72640,Honglan,Hutton,Engineer,9999-01-01
72918,Takahira,Szilard,Senior Staff,9999-01-01
73076,Froduald,Feldhoffer,Senior Engineer,9999-01-01
73233,Shigeo,Merey,Senior Engineer,9999-01-01
73516,Qingxiang,Badache,Engineer,9999-01-01
73743,Anneke,Bernardeschi,Engineer,9999-01-01
74200,Holgard,Weiland,Senior Engineer,9999-01-01
74344,Hiroyasu,Provine,Engineer,9999-01-01
74668,Masako,Bonifati,Senior Staff,9999-01-01
74800,Yuuichi,Conde,Senior Engineer,9999-01-01
75354,Shuky,Jakobus,Senior Engineer,9999-01-01
75703,Kyoichi,Erman,Senior Engineer,9999-01-01
76189,Kolar,Hinsberger,Senior Engineer,9999-01-01
76201,Arif,Preusig,Senior Engineer,9999-01-01
76640,Tristan,Mitsuhashi,Engineer,9999-01-01
77030,Faiza,Garnham,Technique Leader,9999-01-01
77303,Xinglin,Birge,Staff,9999-01-01
77647,Niranjan,Schaaf,Technique Leader,9999-01-01
77815,Ronghao,Picaronny,Assistant Engineer,9999-01-01
78106,Ashish,Ratnaker,Senior Staff,9999-01-01
78363,Susumu,Fritzsche,Engineer,9999-01-01
78469,Leucio,Cappelli,Staff,9999-01-01
78871,Conor,Ghandeharizadeh,Senior Engineer,9999-01-01
79043,Katsuo,Hockney,Technique Leader,9999-01-01
79171,Guiseppe,Ellozy,Senior Engineer,9999-01-01
79310,Jeong,Cunliffe,Senior Staff,9999-01-01
79606,Arnd,Peir,Senior Engineer,9999-01-01
79763,Sanjoy,Barreiro,Senior Staff,9999-01-01
79895,Fei,Murtagh,Senior Staff,9999-01-01
80067,Kazuhisa,Weiland,Staff,9999-01-01
80203,Shakhar,Baik,Staff,9999-01-01
80432,Stella,Figueira,Staff,9999-01-01
80731,Shaowen,Eldridge,Staff,9999-01-01
80850,Koldo,Luit,Engineer,9999-01-01
80889,Shigeo,Linnainmaa,Senior Engineer,9999-01-01
80948,Harjit,Bardell,Engineer,9999-01-01
81105,Jaewon,Boissier,Senior Engineer,9999-01-01
81545,Larisa,Kornyak,Technique Leader,9999-01-01
81644,Divine,Ghandeharizadeh,Staff,9999-01-01
81995,Sreekrishna,Brender,Senior Engineer,9999-01-01
82069,Yechezkel,Perfilyeva,Senior Engineer,9999-01-01
82098,Poornachandra,Wilharm,Senior Engineer,9999-01-01
82351,Stevo,Thambidurai,Senior Staff,9999-01-01
82511,Uwe,Koblick,Engineer,9999-01-01
82919,Shigeu,Claffy,Engineer,9999-01-01
82928,Alselm,Rikino,Engineer,9999-01-01
83280,Francesca,Ellozy,Senior Engineer,9999-01-01
83289,Shigeichiro,Engelmann,Senior Engineer,9999-01-01
83509,Breannda,Collavizza,Engineer,9999-01-01
83544,Leaf,Baak,Staff,9999-01-01
83714,Ohad,Kilgore,Senior Engineer,9999-01-01
83805,Manohar,Harllee,Senior Engineer,9999-01-01
83941,Zsolt,Hagimont,Staff,9999-01-01
84029,Babette,Eugenio,Staff,9999-01-01
84179,Shuichi,Nanard,Senior Engineer,9999-01-01
84236,Eberhardt,Barriga,Senior Staff,9999-01-01
84315,Kristina,Baumann,Assistant Engineer,9999-01-01
84451,Shiv,Aumann,Senior Engineer,9999-01-01
84508,Tommaso,Vidya,Engineer,9999-01-01
84840,Sverrir,Neimat,Staff,9999-01-01
84922,Parke,Unno,Engineer,9999-01-01
84942,Shin,Fujisaki,Technique Leader,9999-01-01
85216,Ferdinand,Rosiles,Senior Staff,9999-01-01
85288,Younwoo,Luders,Senior Engineer,9999-01-01
85414,Chiradeep,Callaway,Staff,9999-01-01
85445,Yongdong,Pollock,Staff,9999-01-01
85702,Udi,Merks,Engineer,9999-01-01
85874,Pasqua,Taubman,Senior Staff,9999-01-01
86213,Kristine,Clemencon,Senior Staff,9999-01-01
86354,Ronghao,Segond,Senior Engineer,9999-01-01
86422,Jaewon,Thummel,Senior Staff,9999-01-01
86546,Oldrich,Woycyznski,Engineer,9999-01-01
86655,Zhenhua,Lorys,Engineer,9999-01-01
86672,JoAnne,Anido,Staff,9999-01-01
87129,Keung,Neiman,Staff,9999-01-01
87353,Quingbo,Coombs,Senior Engineer,9999-01-01
87714,Khun,Janetzko,Assistant Engineer,9999-01-01
87729,Yongmin,Roccetti,Staff,9999-01-01
87783,Conor,Thorensen,Senior Engineer,9999-01-01
88103,Goo,Bresenham,Senior Staff,9999-01-01
88411,Lena,Cannane,Engineer,9999-01-01
88422,Jungsoon,Birsak,Technique Leader,9999-01-01
88647,Vasiliy,Ratnaker,Engineer,9999-01-01
88958,Vojin,Coombs,Staff,9999-01-01
88965,Mang,Hedayat,Engineer,9999-01-01
89048,Otmar,Birjandi,Engineer,9999-01-01
89090,Tetsushi,Theuretzbacher,Senior Staff,9999-01-01
89161,Conal,Yetto,Senior Staff,9999-01-01
89207,Along,Erol,Staff,9999-01-01
89346,Mansur,Comyn,Engineer,9999-01-01
89590,Guther,Rothenberg,Staff,9999-01-01
89664,Pranjal,Rossi,Staff,9999-01-01
89680,Aiman,Mawatari,Senior Engineer,9999-01-01
89806,Xiadong,Shinomoto,Engineer,9999-01-01
89922,Alexius,Ibel,Engineer,9999-01-01
89941,Arnould,Weedman,Senior Staff,9999-01-01
90077,Vivian,Guerreiro,Assistant Engineer,9999-01-01
90084,Renny,Bale,Engineer,9999-01-01
90211,Bader,Denis,Engineer,9999-01-01
90292,Koichi,Assaf,Senior Engineer,9999-01-01
90518,Fumiko,Chepyzhov,Staff,9999-01-01
90614,Yonghoan,Trogemann,Engineer,9999-01-01
90692,Rajmohan,DasSarma,Senior Staff,9999-01-01
91172,Kazuhisa,Melter,Staff,9999-01-01
91182,Lucien,Schwartzburd,Senior Engineer,9999-01-01
91229,Yahiko,Hebden,Senior Engineer,9999-01-01
91256,Gunilla,Milicic,Staff,9999-01-01
91333,Lobel,Stafford,Staff,9999-01-01
91415,Jamaludin,Nilsson,Senior Staff,9999-01-01
91648,Dmitry,Msuda,Staff,9999-01-01
92438,Aria,Kilgore,Engineer,9999-01-01
92454,Visit,McFarlan,Engineer,9999-01-01
92577,Zhanqiu,Farrow,Assistant Engineer,9999-01-01
92598,Ranga,Merro,Assistant Engineer,9999-01-01
92685,Mang,Atchley,Senior Staff,9999-01-01
92841,Claude,Candan,Senior Staff,9999-01-01
92846,Anyuan,Kropatsch,Staff,9999-01-01
92920,Huei,Hutter,Engineer,9999-01-01
93040,Jaques,Kabayashi,Senior Engineer,9999-01-01
93220,Richara,Walston,Senior Engineer,9999-01-01
93278,Magdalena,Penn,Senior Engineer,9999-01-01
93549,Arie,Coullard,Senior Staff,9999-01-01
93600,Kristina,Neimat,Technique Leader,9999-01-01
94331,Ramzi,Cronau,Technique Leader,9999-01-01
94416,Aran,Cesareni,Senior Staff,9999-01-01
94761,Hitofumi,Zaccaria,Engineer,9999-01-01
94944,Heping,Matheson,Engineer,9999-01-01
95181,Yishai,Cappelli,Staff,9999-01-01
95286,Kristin,Guerreiro,Senior Engineer,9999-01-01
95314,Rasiah,Koblick,Senior Staff,9999-01-01
95406,Alair,Lyonns,Engineer,9999-01-01
95416,Gianluca,Ramaiah,Engineer,9999-01-01
95509,Kristinn,Loncour,Engineer,9999-01-01
95920,Nobuyoshi,Hegner,Senior Staff,9999-01-01
96571,Kokou,Garrabrants,Senior Engineer,9999-01-01
96579,Mohan,Tasistro,Engineer,9999-01-01
96767,Arumugam,Vecchio,Senior Engineer,9999-01-01
97018,Jeanna,Chinen,Senior Engineer,9999-01-01
97623,Haldon,Janetzko,Staff,9999-01-01
97661,Avishai,Hegner,Staff,9999-01-01
98288,Sumali,Huttel,Staff,9999-01-01
98306,Ziya,Kadhim,Senior Engineer,9999-01-01
98639,Florina,Assaf,Staff,9999-01-01
99057,Shugo,Reeken,Staff,9999-01-01
99373,Xiaobin,Christianini,Senior Staff,9999-01-01
99377,Carrsten,Francisci,Senior Engineer,9999-01-01
99590,Dhritiman,Anily,Staff,9999-01-01
99654,Mahendra,Motley,Senior Staff,9999-01-01
100865,Hisao,Peral,Senior Engineer,9999-01-01
100916,Heejo,Aamodt,Senior Engineer,9999-01-01
101487,Abdelaziz,Sury,Senior Staff,9999-01-01
101647,Mori,Homond,Senior Staff,9999-01-01
101902,Mantis,Millington,Senior Staff,9999-01-01
102620,Adin,Templeman,Engineer,9999-01-01
103196,Djenana,Albarhamtoshy,Senior Staff,9999-01-01
103310,Visit,Swen,Senior Staff,9999-01-01
103316,Susanne,Peternell,Engineer,9999-01-01
103342,Beshir,Hellwagner,Engineer,9999-01-01
103756,Heping,Halloran,Assistant Engineer,9999-01-01
104133,Pranjal,Zyda,Senior Staff,9999-01-01
104845,Werner,Lodder,Senior Staff,9999-01-01
104988,Parviz,Litzler,Senior Engineer,9999-01-01
105342,Kwun,Reeker,Technique Leader,9999-01-01
105356,Diederik,Matzov,Engineer,9999-01-01
105432,Mohamadou,Stafford,Senior Engineer,9999-01-01
105520,Haldun,Lienhardt,Senior Staff,9999-01-01
105731,Sachem,Cromarty,Assistant Engineer,9999-01-01
106096,Naftali,Schurmann,Senior Engineer,9999-01-01
106242,Nevio,Thisen,Senior Staff,9999-01-01
106695,Lijie,Garrabrants,Senior Staff,9999-01-01
106710,Babette,Anandan,Senior Staff,9999-01-01
107486,Siamak,Luiz,Senior Engineer,9999-01-01
107737,Fabrizio,Chleq,Senior Engineer,9999-01-01
107792,Shahab,Crooks,Staff,9999-01-01
107828,Ramya,Walston,Senior Staff,9999-01-01
108091,Hisao,Ghemri,Senior Staff,9999-01-01
108198,Randi,Samarati,Senior Staff,9999-01-01
108316,Shai,Stellhorn,Senior Engineer,9999-01-01
108988,Oksana,Baek,Senior Staff,9999-01-01
109062,Jamaludin,Kandlur,Senior Engineer,9999-01-01
109211,Gor,Delgrande,Engineer,9999-01-01
109252,Moty,Winter,Technique Leader,9999-01-01
109278,Bangqing,Schach,Senior Staff,9999-01-01
109552,Menkae,Etalle,Assistant Engineer,9999-01-01
109598,Stamatina,Auyong,Senior Staff,9999-01-01
109620,Mani,Cannata,Staff,9999-01-01
109703,Arco,Walston,Engineer,9999-01-01
109741,Hatem,Fadgyas,Senior Engineer,9999-01-01
109953,Godehard,Chorvat,Senior Staff,9999-01-01
200267,Chuanti,Luff,Senior Staff,9999-01-01
200312,Akemi,Fujisaki,Senior Engineer,9999-01-01
200363,Kirk,Quaggetto,Engineer,9999-01-01
200735,Dinah,Denos,Senior Staff,9999-01-01
200789,Susumu,Camurati,Staff,9999-01-01
201229,Alejandra,Khasidashvili,Staff,9999-01-01
201708,Anneli,Perl,Senior Staff,9999-01-01
201709,Fan,Kakkad,Staff,9999-01-01
201739,Genta,Terekhov,Assistant Engineer,9999-01-01
201801,Waiman,Genin,Engineer,9999-01-01
201915,Sudharsan,DeMori,Engineer,9999-01-01
202291,Ortrun,Schmiedel,Engineer,9999-01-01
202403,Gully,Perko,Engineer,9999-01-01
202414,Zvonko,Murthy,Senior Staff,9999-01-01
202552,Morris,Saoudi,Engineer,9999-01-01
202826,Kerhong,Matzke,Senior Engineer,9999-01-01
202882,Isaac,Koshino,Senior Engineer,9999-01-01
202950,Giordano,Pietrzykowski,Senior Staff,9999-01-01
203474,Hugh,Jonsson,Staff,9999-01-01
203495,Zongyan,Gips,Technique Leader,9999-01-01
203599,Ewing,DiGiano,Technique Leader,9999-01-01
203720,Sasan,Thimonier,Senior Staff,9999-01-01
203946,Yefim,Marwedel,Staff,9999-01-01
204117,Jessie,Nooteboom,Staff,9999-01-01
204133,Susuma,Bergere,Senior Staff,9999-01-01
204246,Arve,Worfolk,Staff,9999-01-01
204425,Gretta,Huttel,Senior Engineer,9999-01-01
204470,Hein,Lichtner,Staff,9999-01-01
204471,Franziska,Maginnis,Engineer,9999-01-01
204764,Susanne,Mandelberg,Engineer,9999-01-01
205018,Yahiko,Awdeh,Engineer,9999-01-01
205085,Moni,Kornyak,Technique Leader,9999-01-01
205174,Leszek,Spinelli,Staff,9999-01-01
205500,Mary,Setiz,Senior Engineer,9999-01-01
205627,Stabislas,Broder,Senior Engineer,9999-01-01
205660,Kien,Barreiro,Staff,9999-01-01
205699,Youjian,Yetto,Staff,9999-01-01
205789,Limsoon,Skafidas,Senior Staff,9999-01-01
205863,Aiichiro,Kusalik,Engineer,9999-01-01
206748,Yucai,Fabrizio,Staff,9999-01-01
206836,Guadalupe,Pfau,Senior Staff,9999-01-01
206966,Tzu,Sichman,Senior Engineer,9999-01-01
207021,Jacqueline,Akaboshi,Engineer,9999-01-01
207068,Zhiguo,Ariola,Senior Staff,9999-01-01
207204,Kellie,Schrooten,Engineer,9999-01-01
207401,Shuji,Barbanera,Staff,9999-01-01
207551,Baziley,Falck,Assistant Engineer,9999-01-01
207779,Chinya,Kamble,Senior Staff,9999-01-01
207980,Remko,Vieth,Senior Staff,9999-01-01
208147,Manu,Rothenberg,Engineer,9999-01-01
208330,Shen,Flanders,Senior Staff,9999-01-01
208639,Larisa,Lukaszewicz,Staff,9999-01-01
208653,Phillip,Schade,Senior Engineer,9999-01-01
208784,Pranjal,Juneja,Senior Engineer,9999-01-01
209101,Xinyu,Edelhoff,Senior Engineer,9999-01-01
209443,Krassimir,Garnier,Senior Staff,9999-01-01
209565,Dante,Covnot,Staff,9999-01-01
209712,Nimmagadda,Baak,Engineer,9999-01-01
210017,Shalesh,Lovengreen,Senior Staff,9999-01-01
210292,Lihong,Zeilberger,Staff,9999-01-01
210449,Gino,Lagarias,Engineer,9999-01-01
210752,Saniya,Stenning,Senior Staff,9999-01-01
210786,Werner,Ranze,Staff,9999-01-01
211858,Domenico,Ratnaker,Engineer,9999-01-01
211879,Gao,Ranze,Engineer,9999-01-01
211967,Anwar,Bain,Engineer,9999-01-01
212093,Leni,Henders,Senior Staff,9999-01-01
212154,Sailaja,Holburn,Staff,9999-01-01
212361,Claudi,Stanfel,Senior Engineer,9999-01-01
213016,Yongmao,Fontan,Engineer,9999-01-01
213140,Tru,Danecki,Staff,9999-01-01
213384,Pranas,Narwekar,Senior Engineer,9999-01-01
213447,Armond,Perly,Senior Engineer,9999-01-01
214215,Xiaoqiang,Cardazo,Senior Staff,9999-01-01
214391,Rayond,Klassen,Senior Staff,9999-01-01
214427,Peer,Molberg,Engineer,9999-01-01
214539,Ingmar,Kohling,Engineer,9999-01-01
214634,Shirish,Vickson,Engineer,9999-01-01
214789,Arfst,Chepyzhov,Engineer,9999-01-01
214866,Gopalakrishnan,Angel,Engineer,9999-01-01
214995,Dinkar,Hoppenstand,Engineer,9999-01-01
215419,Flemming,Kroha,Staff,9999-01-01
215629,Munehiro,Manders,Senior Staff,9999-01-01
215746,Sven,Speer,Staff,9999-01-01
215843,Pramod,Loncour,Senior Staff,9999-01-01
216054,Sahrah,Angiulli,Senior Staff,9999-01-01
216342,Aiichiro,Cromarty,Engineer,9999-01-01
216375,Byong,Gustavson,Senior Engineer,9999-01-01
216502,Xiaocheng,Suermann,Engineer,9999-01-01
216573,Ashish,Vidya,Senior Engineer,9999-01-01
216921,Lena,Lenart,Senior Staff,9999-01-01
217026,Otmar,Engberts,Staff,9999-01-01
217080,Masami,Puoti,Senior Engineer,9999-01-01
217272,Yuchang,Eldridge,Senior Staff,9999-01-01
217286,Yannik,Spelt,Technique Leader,9999-01-01
217320,Abdelwaheb,Denis,Engineer,9999-01-01
217363,Horward,Marzano,Staff,9999-01-01
217387,Jianhao,Molenaar,Engineer,9999-01-01
217551,Panayotis,Lukaszewicz,Senior Engineer,9999-01-01
217800,Shay,Servieres,Senior Staff,9999-01-01
218022,Mokhtar,Poupard,Technique Leader,9999-01-01
218100,Jiong,Garnham,Staff,9999-01-01
218831,Unal,DuBourdieux,Engineer,9999-01-01
219035,Kristine,Bierman,Technique Leader,9999-01-01
219047,Aemilian,Kusalik,Engineer,9999-01-01
219052,Marsal,Acton,Staff,9999-01-01
219417,Subhrajyoti,Denna,Staff,9999-01-01
219497,Moie,Zastre,Technique Leader,9999-01-01
219967,Susanna,Reeken,Senior Staff,9999-01-01
220029,Demos,Asser,Senior Engineer,9999-01-01
220131,Reinhard,Slaats,Engineer,9999-01-01
220418,Poorav,Laventhal,Staff,9999-01-01
220528,Sibyl,Rabehasaina,Senior Staff,9999-01-01
220582,Poornachandra,Zielinski,Senior Staff,9999-01-01
220611,Yuping,Babb,Staff,9999-01-01
220625,Shigenori,Deville,Technique Leader,9999-01-01
220699,Nahid,Gyimothy,Staff,9999-01-01
220799,Perla,Orlowska,Senior Engineer,9999-01-01
221126,Tesuya,dAstous,Senior Engineer,9999-01-01
221367,Saddek,Farris,Senior Staff,9999-01-01
221369,Abdulah,Pocchiola,Engineer,9999-01-01
221435,Djenana,Marrevee,Engineer,9999-01-01
221973,Sangeeta,Kalefeld,Senior Staff,9999-01-01
222206,Stein,Uludag,Senior Staff,9999-01-01
222311,Miyeon,Billingsley,Senior Engineer,9999-01-01
222319,Matt,Chvatal,Senior Engineer,9999-01-01
222354,Valdiodio,Schlumberger,Assistant Engineer,9999-01-01
222616,Badri,Schapire,Assistant Engineer,9999-01-01
222770,Kazuhiko,Kushner,Senior Engineer,9999-01-01
222878,Annemarie,Zallocco,Engineer,9999-01-01
222926,Limsoon,Erol,Senior Engineer,9999-01-01
222952,Gopalakrishnan,Suermann,Senior Engineer,9999-01-01
222998,Leaf,Awdeh,Staff,9999-01-01
223593,Hidefumi,Moehrke,Staff,9999-01-01
223595,Chiranjit,Dredge,Technique Leader,9999-01-01
224135,Annemarie,Bressoud,Engineer,9999-01-01
224335,Perry,Chachaty,Engineer,9999-01-01
224390,True,Shobatake,Senior Staff,9999-01-01
224934,George,Miake,Senior Staff,9999-01-01
225438,Remmert,Quaggetto,Senior Staff,9999-01-01
225601,Masasuke,Genin,Assistant Engineer,9999-01-01
225788,Ipke,Kieras,Engineer,9999-01-01
225867,Ramalingam,Remmele,Senior Engineer,9999-01-01
225964,Mooi,Cooman,Senior Engineer,9999-01-01
226216,Giordano,Gini,Technique Leader,9999-01-01
226227,Herbert,Erva,Engineer,9999-01-01
227354,Gio,Murtha,Engineer,9999-01-01
227476,Macha,Schnabel,Engineer,9999-01-01
227681,Mikhail,Rousseau,Staff,9999-01-01
227899,Garnik,Luce,Staff,9999-01-01
227901,Francesca,Azuma,Senior Staff,9999-01-01
228098,IEEE,Kroll,Engineer,9999-01-01
228248,Yuriy,Plump,Senior Staff,9999-01-01
228554,Bilhanan,Brendel,Senior Staff,9999-01-01
228766,Nahla,Smailagic,Senior Engineer,9999-01-01
229098,Berry,Yurek,Senior Staff,9999-01-01
229220,Fabrizio,Lichtman,Senior Engineer,9999-01-01
229248,Harjit,Terekhov,Staff,9999-01-01
229386,Pohua,Tasistro,Technique Leader,9999-01-01
229391,Paloma,Henseler,Engineer,9999-01-01
229404,Gilbert,Kilgour,Staff,9999-01-01
229547,Moni,Schach,Senior Staff,9999-01-01
229727,Ewing,Millington,Engineer,9999-01-01
229981,Jamaludin,Fordan,Senior Engineer,9999-01-01
230002,Tadahiro,Backhouse,Senior Engineer,9999-01-01
230126,Bezalel,Radivojevic,Senior Staff,9999-01-01
230287,Renny,Alameldin,Assistant Engineer,9999-01-01
230354,Yinghua,Lorho,Senior Staff,9999-01-01
230498,Kolar,Puppo,Engineer,9999-01-01
230579,Shahar,Negoita,Staff,9999-01-01
230689,Dietrich,Crabtree,Senior Staff,9999-01-01
230865,Takushi,Brattka,Staff,9999-01-01
231069,Trygve,Siksek,Staff,9999-01-01
231459,Nectarios,Pramanik,Assistant Engineer,9999-01-01
231671,Chandrasekaran,Pearson,Staff,9999-01-01
231798,Goetz,Alvarado,Engineer,9999-01-01
232178,Etsuo,Anandan,Staff,9999-01-01
232209,Nitsan,Rouquie,Engineer,9999-01-01
232697,Barry,Ramsak,Engineer,9999-01-01
232723,Tesuya,Bugrara,Assistant Engineer,9999-01-01
233114,Alselm,Gargeya,Senior Engineer,9999-01-01
233394,Khalid,Lenart,Engineer,9999-01-01
233397,Fay,Sundgren,Staff,9999-01-01
233426,Etsuo,Usery,Engineer,9999-01-01
233690,Cedric,Riefers,Engineer,9999-01-01
233759,Zissis,Lodder,Engineer,9999-01-01
233765,Kotesh,Chachaty,Engineer,9999-01-01
233785,Baziley,Ballarin,Staff,9999-01-01
233818,Kellie,Heydon,Engineer,9999-01-01
234195,Luerbio,Terkki,Senior Staff,9999-01-01
234739,Foong,Aamodt,Senior Engineer,9999-01-01
235017,Irena,Dratva,Staff,9999-01-01
235096,Sverrir,Gyimothy,Senior Staff,9999-01-01
235325,Gro,Prochazka,Engineer,9999-01-01
235368,Anneli,Joslin,Senior Engineer,9999-01-01
235458,Gio,Heuser,Senior Staff,9999-01-01
235729,Henk,Anger,Senior Staff,9999-01-01
235780,Sampalli,Bergere,Senior Engineer,9999-01-01
235793,Jayesh,Spinelli,Senior Engineer,9999-01-01
236315,IEEE,Raczkowsky,Technique Leader,9999-01-01
236566,Yechezkel,Maginnis,Senior Staff,9999-01-01
236591,Insup,Reinhard,Staff,9999-01-01
236827,Almudena,Rijckaert,Engineer,9999-01-01
236883,Huan,Olivero,Staff,9999-01-01
236964,Adel,Foote,Staff,9999-01-01
238112,Miomir,Frezza,Technique Leader,9999-01-01
238252,Uno,Suppi,Staff,9999-01-01
238422,Vishv,Angelov,Senior Staff,9999-01-01
238949,Minghong,Cronin,Senior Staff,9999-01-01
239067,Tadahiko,Pocchiola,Staff,9999-01-01
239244,Abdulla,Kitai,Senior Staff,9999-01-01
239415,Susumu,Brender,Engineer,9999-01-01
239426,Vesna,Fairtlough,Engineer,9999-01-01
239664,Sugwoo,Michaels,Senior Engineer,9999-01-01
239706,Arunas,Bugrara,Assistant Engineer,9999-01-01
239748,Bilhanan,Dusink,Staff,9999-01-01
239803,Oscal,Ernst,Senior Staff,9999-01-01
240132,Mizuhito,Kobara,Senior Staff,9999-01-01
240236,True,Tischendorf,Engineer,9999-01-01
240285,Kolar,Greenaway,Staff,9999-01-01
240340,Mack,Staylopatis,Senior Engineer,9999-01-01
240438,Temple,Cyre,Staff,9999-01-01
240870,Francesca,Chorvat,Senior Staff,9999-01-01
241100,Cedric,Molenaar,Engineer,9999-01-01
241254,Jagoda,Anguita,Senior Engineer,9999-01-01
241292,Uri,Lampe,Staff,9999-01-01
241567,Emran,Miara,Engineer,9999-01-01
241667,Atilio,Olivero,Engineer,9999-01-01
241728,Limsoon,Boudaillier,Senior Engineer,9999-01-01
241872,Bluma,Fetvedt,Senior Staff,9999-01-01
242019,Herb,Murrill,Senior Engineer,9999-01-01
242081,Tomokazu,Pargas,Assistant Engineer,9999-01-01
242104,Richara,Sudkamp,Senior Staff,9999-01-01
242500,Bingning,Iisaku,Senior Staff,9999-01-01
242800,Kazuyasu,Levergood,Engineer,9999-01-01
243018,Bowen,Deverell,Senior Staff,9999-01-01
243077,Kazunori,Perz,Senior Engineer,9999-01-01
243576,Abdulah,Lodder,Senior Staff,9999-01-01
243637,Marjo,Delgrange,Staff,9999-01-01
243898,Arch,Basawa,Staff,9999-01-01
244308,Mokhtar,Rebaine,Staff,9999-01-01
244605,Masoud,Suwa,Senior Staff,9999-01-01
244624,Boaz,Seuren,Senior Staff,9999-01-01
244711,Rosli,Butner,Engineer,9999-01-01
244714,Poorav,Clouatre,Senior Engineer,9999-01-01
244820,Shigenori,Hertweck,Engineer,9999-01-01
244873,Arunachalam,Oppitz,Staff,9999-01-01
245164,Filipp,Winter,Senior Engineer,9999-01-01
245396,Gift,Bottner,Staff,9999-01-01
245664,Manohar,Kilgore,Staff,9999-01-01
246146,Zhongwei,Melski,Senior Engineer,9999-01-01
246244,George,Casperson,Staff,9999-01-01
246364,Alper,Tiemann,Engineer,9999-01-01
246764,Shuzo,Czaja,Staff,9999-01-01
246798,Tianruo,Strooper,Senior Staff,9999-01-01
246902,Shih,Shanbhogue,Staff,9999-01-01
247089,Seongbae,Schahn,Staff,9999-01-01
247122,Xiaobin,Narlikar,Senior Staff,9999-01-01
247447,Tzu,Bakhtari,Senior Engineer,9999-01-01
247456,Masako,Bahk,Engineer,9999-01-01
247612,Chiranjit,Constantine,Engineer,9999-01-01
247875,Xiong,Anick,Senior Staff,9999-01-01
247888,Abdelghani,Lagarias,Engineer,9999-01-01
248256,Sajjan,Falby,Staff,9999-01-01
248351,Jaana,Milicia,Senior Staff,9999-01-01
248758,Snehasis,Muhlberg,Senior Staff,9999-01-01
248953,Percy,Sudbeck,Assistant Engineer,9999-01-01
249239,Hideyuki,Decleir,Senior Engineer,9999-01-01
249325,Ute,Pokrovskii,Staff,9999-01-01
249433,Ayonca,Matzov,Senior Engineer,9999-01-01
249504,Dmitry,Velardi,Engineer,9999-01-01
249780,Nechama,Gaughan,Engineer,9999-01-01
249799,Jolita,Neimat,Engineer,9999-01-01
249866,Steen,Gubsky,Senior Staff,9999-01-01
249969,Georgi,Luiz,Engineer,9999-01-01
250411,Ranga,Sommen,Staff,9999-01-01
250452,Alexius,Plavsic,Senior Engineer,9999-01-01
250748,Kish,Turnbull,Senior Engineer,9999-01-01
251166,Hinrich,Hooghiemstra,Staff,9999-01-01
251233,Yucel,Bernini,Engineer,9999-01-01
251301,Pintsang,Impagliazzo,Senior Staff,9999-01-01
251341,Divier,Kumaresan,Senior Staff,9999-01-01
251403,Utpal,DuBourdieux,Technique Leader,9999-01-01
251437,Shichao,Iwayama,Engineer,9999-01-01
251645,Bezalel,Tsunoo,Staff,9999-01-01
251680,Moty,Sommen,Senior Engineer,9999-01-01
251814,Mitsuyuki,Zockler,Technique Leader,9999-01-01
252185,Chaosheng,Conta,Assistant Engineer,9999-01-01
252316,Gill,Niizuma,Senior Engineer,9999-01-01
252392,Sanjeeva,Peron,Engineer,9999-01-01
253029,Thodoros,Thimonier,Engineer,9999-01-01
253707,Insup,Hainaut,Staff,9999-01-01
253838,Stafford,Terlouw,Assistant Engineer,9999-01-01
253893,Huiqun,Trystram,Senior Engineer,9999-01-01
254044,Gunilla,Brendel,Engineer,9999-01-01
254399,Armond,Lores,Technique Leader,9999-01-01
254821,Tonny,Couchot,Staff,9999-01-01
255466,Huan,Roccetti,Senior Engineer,9999-01-01
255657,Oldrich,Cyre,Senior Engineer,9999-01-01
255779,Heejo,Merle,Technique Leader,9999-01-01
256216,Halsur,Brodal,Engineer,9999-01-01
256856,Hongzue,Barbanera,Senior Staff,9999-01-01
256881,Ioana,Jakobus,Senior Engineer,9999-01-01
256888,Heather,Pehl,Staff,9999-01-01
257062,Stabislas,Pardalos,Engineer,9999-01-01
257378,Pascal,Bernatsky,Staff,9999-01-01
257469,Anyuan,Hanratty,Senior Staff,9999-01-01
257484,Shaowei,Nicolson,Senior Staff,9999-01-01
258028,Mountaz,Reinhart,Engineer,9999-01-01
258124,Mariusz,Zolotykh,Senior Staff,9999-01-01
258470,Weiwu,Butner,Staff,9999-01-01
258643,Przemyslawa,Esposito,Engineer,9999-01-01
259042,Xiaoqiang,Farrow,Staff,9999-01-01
259237,Palash,Gammage,Senior Staff,9999-01-01
259273,Xiahua,Gomatam,Senior Engineer,9999-01-01
259611,Shuichi,Marrakchi,Senior Staff,9999-01-01
259619,Conal,Magliocco,Senior Staff,9999-01-01
259718,Stepehn,Bouloucos,Staff,9999-01-01
260153,Mingdong,Baar,Technique Leader,9999-01-01
260249,Vugranam,Beausoleil,Staff,9999-01-01
260361,Reinhold,Rahier,Engineer,9999-01-01
260399,Hatem,Birsak,Staff,9999-01-01
260408,Sasan,Brookner,Senior Staff,9999-01-01
260501,Dzung,Pargas,Technique Leader,9999-01-01
261184,Masako,Kornatzky,Senior Engineer,9999-01-01
261631,Jianhua,Huttel,Engineer,9999-01-01
261662,Berni,Assaf,Senior Staff,9999-01-01
261737,Mark,Lindqvist,Senior Engineer,9999-01-01
261986,Gila,Ramsak,Senior Engineer,9999-01-01
261990,Volkmar,Czaja,Staff,9999-01-01
262208,Mrinalini,Holburn,Senior Staff,9999-01-01
262210,Chinho,Bottner,Engineer,9999-01-01
262328,Mayuko,Vural,Staff,9999-01-01
262439,Lorien,Lagarias,Senior Staff,9999-01-01
262636,Tamiya,Reutenauer,Senior Engineer,9999-01-01
262752,Pramod,Bierman,Engineer,9999-01-01
262928,Piyush,Gill,Engineer,9999-01-01
263012,Hideo,Buchter,Staff,9999-01-01
263186,Danny,Lowrie,Technique Leader,9999-01-01
263370,Shakhar,Ranze,Staff,9999-01-01
263439,Atreye,Kabayashi,Senior Engineer,9999-01-01
263645,Mingsen,Lally,Senior Engineer,9999-01-01
263649,Mechthild,Zongker,Senior Staff,9999-01-01
263926,Fusako,Schwartzbauer,Staff,9999-01-01
264030,Zdislav,Solares,Engineer,9999-01-01
264167,Baoqiu,Tomescu,Senior Engineer,9999-01-01
264322,Leandro,Swist,Staff,9999-01-01
264626,Noritoshi,Bakhtari,Staff,9999-01-01
264939,Bogdan,Bahi,Senior Engineer,9999-01-01
265039,Navid,Staudhammer,Staff,9999-01-01
265521,Kensei,Salverda,Engineer,9999-01-01
265558,Susuma,Kleiser,Senior Staff,9999-01-01
265794,Miquel,Halloran,Senior Staff,9999-01-01
265875,Fan,Marsiglia,Engineer,9999-01-01
266206,Zsolt,Anily,Senior Staff,9999-01-01
266249,Sumant,Nishimukai,Senior Staff,9999-01-01
266310,Zvonko,Serdy,Staff,9999-01-01
266644,Anwar,Gubsky,Senior Staff,9999-01-01
266862,Mart,Plumb,Senior Staff,9999-01-01
266881,Mokhtar,Sabnani,Senior Staff,9999-01-01
267059,Moie,Tempesti,Staff,9999-01-01
267227,Susuma,Tagansky,Engineer,9999-01-01
267304,Jordanka,Axelband,Senior Staff,9999-01-01
267667,Irena,Kaiserswerth,Staff,9999-01-01
268043,Narain,Mikschl,Engineer,9999-01-01
268191,LiMin,Teitelbaum,Engineer,9999-01-01
269728,Naftali,Kragelund,Senior Staff,9999-01-01
270084,Ulises,Frolund,Senior Staff,9999-01-01
270716,Shunichi,Baer,Staff,9999-01-01
270794,Dannz,Zhang,Senior Staff,9999-01-01
271106,Taisook,Kampfer,Engineer,9999-01-01
271219,Odoardo,Tyugu,Engineer,9999-01-01
272141,Tsutomu,Neiman,Staff,9999-01-01
272285,Gully,Mitchem,Staff,9999-01-01
272316,Surveyors,Muhling,Engineer,9999-01-01
272452,Mitsuyuki,Isard,Engineer,9999-01-01
272599,Holgard,Hegner,Senior Staff,9999-01-01
272860,Minghong,Candan,Assistant Engineer,9999-01-01
273159,Divine,Hofmeyr,Technique Leader,9999-01-01
273286,Brigham,Asmuth,Senior Engineer,9999-01-01
273396,Wayne,Baba,Engineer,9999-01-01
273806,Hongzhu,Beetstra,Senior Staff,9999-01-01
273858,Gunilla,Matzen,Staff,9999-01-01
274071,Mingsen,Weiland,Staff,9999-01-01
274271,Prodip,Ritcey,Staff,9999-01-01
274369,Ranga,Waymire,Senior Staff,9999-01-01
274813,Yefim,Pettey,Senior Staff,9999-01-01
275158,Satyanarayana,Brandsma,Engineer,9999-01-01
275263,Vojin,Laventhal,Engineer,9999-01-01
275444,Limsoon,Leppanen,Senior Engineer,9999-01-01
275495,Shen,Yamaashi,Staff,9999-01-01
275801,Ayakannu,Heinisuo,Senior Staff,9999-01-01
275881,Jiann,Munro,Senior Engineer,9999-01-01
275994,Uma,Prampolini,Senior Engineer,9999-01-01
276027,Holgard,Stavenow,Senior Staff,9999-01-01
276184,Mari,Swick,Senior Staff,9999-01-01
276186,Sajjad,Vecchi,Senior Staff,9999-01-01
276189,Isaac,Klerer,Senior Staff,9999-01-01
276445,Atilio,Randi,Engineer,9999-01-01
276472,Hideyuki,Flanders,Engineer,9999-01-01
276563,Gift,Solares,Senior Staff,9999-01-01
276868,Alois,Sanella,Staff,9999-01-01
277316,Vitali,Rothenberg,Senior Staff,9999-01-01
277362,Uzi,Kugler,Senior Staff,9999-01-01
277420,Rayond,Schach,Senior Engineer,9999-01-01
277777,Herbert,Itzigehl,Senior Engineer,9999-01-01
277829,Michaela,Fandrianto,Senior Engineer,9999-01-01
278239,Boaz,Bottner,Staff,9999-01-01
278386,Caolyn,Poujol,Technique Leader,9999-01-01
278452,Sudhanshu,Toyoshima,Senior Staff,9999-01-01
278536,Munenori,Shobatake,Senior Staff,9999-01-01
278549,Jaana,Werthner,Staff,9999-01-01
278953,Jeanna,Ghandeharizadeh,Senior Engineer,9999-01-01
279115,Maren,DuCasse,Engineer,9999-01-01
279280,Niranjan,Debuse,Engineer,9999-01-01
279791,Chiranjit,Lyonns,Assistant Engineer,9999-01-01
280070,Niteen,Ebeling,Staff,9999-01-01
280291,Lenore,Badache,Staff,9999-01-01
280420,Jahangir,Hofting,Staff,9999-01-01
280525,Kish,Herbst,Staff,9999-01-01
280648,Heeju,Lorys,Senior Engineer,9999-01-01
281570,Zijian,Covnot,Assistant Engineer,9999-01-01
281692,Khosrow,Sommen,Senior Engineer,9999-01-01
281848,Parke,Staylopatis,Engineer,9999-01-01
281859,Masanao,Papastamatiou,Engineer,9999-01-01
282191,Alper,Shinomoto,Engineer,9999-01-01
282333,Nahla,Serdy,Senior Staff,9999-01-01
282343,Xinglin,Haldar,Senior Staff,9999-01-01
282547,Nahum,Codenie,Engineer,9999-01-01
282585,Zijian,Lammel,Staff,9999-01-01
282894,Fay,Bellmore,Engineer,9999-01-01
284300,Ishfaq,Mahmud,Senior Staff,9999-01-01
284431,Pintsang,Fujisawa,Staff,9999-01-01
284561,Duri,Beznosov,Senior Engineer,9999-01-01
284687,Oksana,Redmiles,Senior Engineer,9999-01-01
284691,Theron,Ressouche,Engineer,9999-01-01
284711,Martijn,Azevdeo,Senior Engineer,9999-01-01
284717,Gal,Ranta,Engineer,9999-01-01
284856,Moto,Kobara,Engineer,9999-01-01
284954,Anneke,Hammerschmidt,Engineer,9999-01-01
285164,Xiaocheng,Kumaresan,Staff,9999-01-01
285396,Lena,Kohling,Engineer,9999-01-01
285905,Kellyn,Bage,Senior Staff,9999-01-01
285906,Arnould,Buescher,Engineer,9999-01-01
286026,Utpal,Zaumen,Senior Staff,9999-01-01
286029,Jaques,Nanard,Staff,9999-01-01
286370,Toshimitsu,Seuren,Senior Staff,9999-01-01
286452,Behnaam,Bierbaum,Engineer,9999-01-01
286573,Nahum,Nishimukai,Engineer,9999-01-01
286779,Sigeru,Versino,Engineer,9999-01-01
286986,Woody,Trelles,Senior Engineer,9999-01-01
287323,Steve,Dengi,Staff,9999-01-01
287327,Youjian,Felder,Senior Staff,9999-01-01
287334,Elliott,Speer,Engineer,9999-01-01
287482,Shigeaki,Gihr,Senior Engineer,9999-01-01
287583,Jovan,Hockney,Senior Engineer,9999-01-01
287609,Sailaja,Negoita,Engineer,9999-01-01
287713,Aamod,Ranka,Senior Staff,9999-01-01
287808,Vidar,Ozeki,Technique Leader,9999-01-01
287983,Randi,Munos,Senior Staff,9999-01-01
287984,Troy,Kobuchi,Engineer,9999-01-01
288028,Kauko,Narwekar,Engineer,9999-01-01
288142,Shay,Heystek,Staff,9999-01-01
288166,Masoud,Asmuth,Staff,9999-01-01
288560,Yifei,Birjandi,Senior Staff,9999-01-01
288563,Cristinel,Gerlach,Senior Engineer,9999-01-01
288606,Susumu,Swiss,Senior Staff,9999-01-01
288665,Horward,Khasidashvili,Senior Engineer,9999-01-01
288893,Bedrich,Rosenbaum,Senior Engineer,9999-01-01
289454,Bowen,Narwekar,Senior Engineer,9999-01-01
289687,Fai,Maccarone,Staff,9999-01-01
289807,Soenke,Lemarechal,Staff,9999-01-01
289909,Hilari,Vecchio,Senior Staff,9999-01-01
290009,Zijian,Rindone,Senior Staff,9999-01-01
290075,Boalin,Byoun,Senior Staff,9999-01-01
290284,Kwangjo,Menhardt,Engineer,9999-01-01
290441,Gregory,Collavizza,Senior Staff,9999-01-01
290467,Shaowen,Poulakidas,Senior Staff,9999-01-01
290478,Tsvetan,Sherertz,Engineer,9999-01-01
290563,Shigehiro,Oxenboll,Senior Engineer,9999-01-01
290769,Lalit,Blokdijk,Senior Engineer,9999-01-01
291352,Danai,Trelles,Technique Leader,9999-01-01
291612,Siamak,Gomatam,Engineer,9999-01-01
291669,Faiza,Bach,Engineer,9999-01-01
292110,Menkae,Showalter,Engineer,9999-01-01
292146,Khatoun,Pulkowski,Engineer,9999-01-01
292210,Masaru,Huhdanpaa,Engineer,9999-01-01
292404,Hongzue,Zultner,Senior Staff,9999-01-01
292504,Georgi,Bednarek,Engineer,9999-01-01
292515,Bernd,Thummel,Engineer,9999-01-01
292828,Ziya,Tokunaga,Engineer,9999-01-01
293080,Hideyuki,Slaats,Senior Staff,9999-01-01
293154,Syozo,Maliniak,Senior Staff,9999-01-01
293280,Moti,Steenbeek,Engineer,9999-01-01
293329,Fumiya,Griswold,Engineer,9999-01-01
293746,Sanjay,Litecky,Engineer,9999-01-01
293752,Jungsoon,Bail,Staff,9999-01-01
294144,Takanari,Ermel,Staff,9999-01-01
294241,Marl,Fiebach,Staff,9999-01-01
294446,Claudi,Ruemmler,Staff,9999-01-01
294461,Siddarth,Rosiles,Senior Engineer,9999-01-01
294527,Ashish,Candan,Senior Staff,9999-01-01
294652,Hironobu,Brodie,Engineer,9999-01-01
294791,Vesna,Lammel,Assistant Engineer,9999-01-01
294857,Caolyn,Ozeri,Engineer,9999-01-01
295030,Fun,Keirsey,Senior Staff,9999-01-01
295236,Kauko,Fujisawa,Engineer,9999-01-01
295254,Xuejun,Pfau,Staff,9999-01-01
295255,Jacopo,Bellone,Technique Leader,9999-01-01
295262,Moon,Pews,Assistant Engineer,9999-01-01
295268,Eben,Calkin,Staff,9999-01-01
295278,Val,Barvinok,Senior Engineer,9999-01-01
295411,Chiranjit,Serot,Staff,9999-01-01
295857,Kankanahalli,Ciolek,Senior Staff,9999-01-01
296062,Shaz,Driscoll,Staff,9999-01-01
296303,Mariangiola,Heyers,Technique Leader,9999-01-01
296428,Charmane,Simmen,Senior Staff,9999-01-01
296664,Dipayan,Geffroy,Senior Engineer,9999-01-01
296687,Palash,Spieker,Senior Staff,9999-01-01
296718,Kamakshi,Bahl,Senior Engineer,9999-01-01
297232,Lokesh,Saoudi,Senior Staff,9999-01-01
297431,Cathie,Ratnakar,Senior Staff,9999-01-01
297474,Irena,Terkki,Staff,9999-01-01
297905,Marc,Bahl,Assistant Engineer,9999-01-01
297954,Sailaja,Fujisaki,Assistant Engineer,9999-01-01
298339,King,Benzmuller,Senior Engineer,9999-01-01
298577,Florina,Litecky,Senior Staff,9999-01-01
298953,Zita,Syang,Staff,9999-01-01
299346,Fumitake,Sichman,Senior Staff,9999-01-01
299580,Luisa,Itzfeldt,Engineer,9999-01-01
299718,Denny,Shobatake,Senior Staff,9999-01-01
299737,Patricio,Itzfeldt,Staff,9999-01-01
400046,Hilari,Christ,Senior Staff,9999-01-01
400358,Angus,Jullig,Engineer,9999-01-01
400683,Kamakshi,Manders,Staff,9999-01-01
400780,Poornachandra,Asser,Engineer,9999-01-01
400796,Bodo,Halevi,Engineer,9999-01-01
401154,Danae,Kragelund,Senior Staff,9999-01-01
401278,Oguz,Schurmann,Assistant Engineer,9999-01-01
401333,Martins,Shokrollahi,Engineer,9999-01-01
401420,Florian,Uhrig,Senior Staff,9999-01-01
401574,Yannik,Falco,Technique Leader,9999-01-01
402025,Shigehito,Duclos,Engineer,9999-01-01
402102,Kersti,Granlund,Engineer,9999-01-01
402664,Subhada,Janetzko,Senior Engineer,9999-01-01
402718,Jeanna,Rettelbach,Senior Engineer,9999-01-01
402827,Weidon,Pollacia,Senior Staff,9999-01-01
403010,Toshimitsu,Sluis,Senior Engineer,9999-01-01
403621,Deborah,Kaminger,Senior Staff,9999-01-01
403644,Krisda,Hainaut,Senior Staff,9999-01-01
403954,Jeanna,Bratten,Senior Engineer,9999-01-01
404018,Valery,Babb,Senior Engineer,9999-01-01
404236,Zengping,Kakkar,Senior Engineer,9999-01-01
404462,Anestis,Setlzner,Engineer,9999-01-01
404573,Eberhardt,Spelt,Staff,9999-01-01
404755,Manu,Junet,Staff,9999-01-01
404788,Basem,Beausoleil,Engineer,9999-01-01
405015,Morris,Fargier,Staff,9999-01-01
405063,Yechezkel,Yurov,Senior Engineer,9999-01-01
406125,Georgi,Portugali,Technique Leader,9999-01-01
406239,Marek,Tomescu,Senior Engineer,9999-01-01
406564,Parviz,Picco,Engineer,9999-01-01
406714,Malu,Ossenbruggen,Staff,9999-01-01
406847,Alexius,Crouzet,Staff,9999-01-01
407522,Tommaso,Raczkowsky,Staff,9999-01-01
407837,Fei,Erez,Engineer,9999-01-01
408019,Shridhar,Chleq,Assistant Engineer,9999-01-01
408114,Geoffrey,Ladret,Engineer,9999-01-01
408163,Irene,Sethi,Senior Engineer,9999-01-01
408417,Tsz,Daescu,Staff,9999-01-01
408437,Uno,Solares,Senior Staff,9999-01-01
408447,Mayuri,Werthner,Staff,9999-01-01
408654,Yongqiao,Cochrane,Staff,9999-01-01
408953,Jolita,Claffy,Senior Engineer,9999-01-01
409391,Willard,Verspoor,Engineer,9999-01-01
409798,Dekang,Tsunoo,Technique Leader,9999-01-01
409805,Frazer,Candan,Senior Engineer,9999-01-01
409898,Divier,Ishibashi,Senior Engineer,9999-01-01
410028,Xiadong,McClurg,Senior Staff,9999-01-01
410372,Duri,Mitina,Engineer,9999-01-01
410433,Kazuhisa,Riesenhuber,Senior Engineer,9999-01-01
410616,Gudjon,Kalorkoti,Senior Engineer,9999-01-01
410804,Ronnie,Denos,Engineer,9999-01-01
410881,Koichi,Grabner,Senior Engineer,9999-01-01
411070,Otmar,Brandsma,Senior Engineer,9999-01-01
411082,Martine,Cangellaris,Engineer,9999-01-01
411143,Goncalo,Barbanera,Senior Staff,9999-01-01
412404,Mitsuyuki,Jeansoulin,Senior Engineer,9999-01-01
412757,Leen,Peak,Engineer,9999-01-01
413098,Hsiangchu,Taubenfeld,Senior Staff,9999-01-01
413205,Mototsugu,Prampolini,Senior Staff,9999-01-01
413666,Remco,Duclos,Senior Staff,9999-01-01
413729,Harjit,Ernst,Technique Leader,9999-01-01
413831,Mohamadou,Grabner,Staff,9999-01-01
413832,Marco,Jahnichen,Senior Staff,9999-01-01
414027,Tadanori,Msuda,Engineer,9999-01-01
414091,Wuxu,Kuhnemann,Engineer,9999-01-01
414543,Bernd,Anick,Senior Engineer,9999-01-01
414551,Elliott,Copas,Engineer,9999-01-01
414662,Ipke,Schneeberger,Engineer,9999-01-01
414714,Chinho,Delgrande,Senior Staff,9999-01-01
414814,Dayanand,Wielonsky,Staff,9999-01-01
414897,Juyoung,Willoner,Staff,9999-01-01
415187,Juyoung,Peltason,Assistant Engineer,9999-01-01
415338,Shigeo,Emmart,Assistant Engineer,9999-01-01
415363,Conal,Shackell,Senior Staff,9999-01-01
415563,Mrinalini,Bierbaum,Senior Engineer,9999-01-01
416074,Alain,Lieberherr,Engineer,9999-01-01
416383,Nectarios,Itschner,Senior Engineer,9999-01-01
416420,Adamantios,Heemskerk,Senior Staff,9999-01-01
416492,Kannan,Meriste,Senior Engineer,9999-01-01
416660,Nathalie,Luke,Engineer,9999-01-01
416720,Tokuyasu,Xiaoshan,Engineer,9999-01-01
416877,Gio,Orsini,Senior Staff,9999-01-01
416892,Shooichi,Vandervoorde,Engineer,9999-01-01
417435,Bouchung,Zaumen,Senior Staff,9999-01-01
418239,Josyula,Motley,Senior Engineer,9999-01-01
418247,Oscar,Oppitz,Senior Staff,9999-01-01
418298,Arvin,Pusterhofer,Engineer,9999-01-01
418309,Danel,Petereit,Engineer,9999-01-01
418380,Kazuhiko,Gornas,Senior Engineer,9999-01-01
418566,Kazuhide,Snedden,Senior Engineer,9999-01-01
418606,Michaela,Otillio,Engineer,9999-01-01
418717,Arunachalam,Magliocco,Senior Staff,9999-01-01
418860,Ymte,Dalton,Senior Staff,9999-01-01
419099,Heon,Broomell,Staff,9999-01-01
419953,Ung,Orlowski,Senior Staff,9999-01-01
420086,Susuma,Kitsuregawa,Engineer,9999-01-01
420476,Mariangiola,Bolsens,Senior Staff,9999-01-01
420557,Mabhin,Eastman,Senior Staff,9999-01-01
420694,Frazer,Barbanera,Staff,9999-01-01
420732,Willard,Morrin,Senior Staff,9999-01-01
420759,Raimond,Solovay,Staff,9999-01-01
420765,Shawna,Krider,Staff,9999-01-01
420877,Khosrow,Erez,Senior Staff,9999-01-01
421022,Shigeaki,Butner,Senior Staff,9999-01-01
421033,Garnik,Randt,Staff,9999-01-01
421074,Zhaofang,Falster,Staff,9999-01-01
421312,Mariangiola,Bashian,Engineer,9999-01-01
421384,Renny,Bednarek,Senior Staff,9999-01-01
421755,Shichao,Thiria,Assistant Engineer,9999-01-01
422146,Kenton,Miara,Engineer,9999-01-01
422783,Jagoda,Uhrig,Engineer,9999-01-01
423038,Takushi,Strehl,Senior Staff,9999-01-01
423204,Uma,Stranks,Senior Staff,9999-01-01
423208,Joydip,Krone,Engineer,9999-01-01
423214,Tsutomu,Tetzlaff,Senior Staff,9999-01-01
423327,Constantijn,Lichtman,Staff,9999-01-01
423350,Heping,Monarch,Senior Staff,9999-01-01
423633,Mariusz,Tokunaga,Senior Engineer,9999-01-01
423993,Seshu,Kolvik,Technique Leader,9999-01-01
424569,Danco,Luff,Engineer,9999-01-01
424584,Kagan,Dredge,Senior Engineer,9999-01-01
424685,Changho,Veevers,Senior Staff,9999-01-01
424797,Theron,Itschner,Senior Staff,9999-01-01
424805,Jacqueline,Zallocco,Senior Staff,9999-01-01
424930,Xuejun,Reeker,Staff,9999-01-01
424984,Vasilis,Waleschkowski,Engineer,9999-01-01
425437,Moni,Staudhammer,Engineer,9999-01-01
425535,Alagu,Vieri,Staff,9999-01-01
425540,Paddy,Zumaque,Senior Staff,9999-01-01
425757,Yongdong,Jiang,Senior Staff,9999-01-01
425780,Paris,Range,Senior Staff,9999-01-01
425830,Guther,Conia,Engineer,9999-01-01
425875,Jahangir,Kroft,Senior Staff,9999-01-01
426153,Shahaf,Luce,Senior Staff,9999-01-01
426168,Kaijung,Mateescu,Staff,9999-01-01
426228,Supot,Badache,Engineer,9999-01-01
426235,Danco,Rajala,Staff,9999-01-01
426644,Zejun,Broomell,Senior Engineer,9999-01-01
426706,Karsten,Kawashima,Engineer,9999-01-01
426795,Huican,Lunn,Senior Staff,9999-01-01
426818,Gaurav,Fendler,Senior Staff,9999-01-01
426819,Sandeepan,Kulisch,Engineer,9999-01-01
426824,Gopalakrishnan,Mawatari,Senior Staff,9999-01-01
426958,Weijing,Viele,Engineer,9999-01-01
427313,Utpal,Kemmerer,Senior Staff,9999-01-01
427320,Mamdouh,Ramamoorthy,Senior Engineer,9999-01-01
427332,Feiyu,Hemaspaandra,Staff,9999-01-01
427571,Torsten,Ranta,Senior Engineer,9999-01-01
427776,Jaques,Navazio,Senior Staff,9999-01-01
427805,Haldun,Compeau,Senior Staff,9999-01-01
427823,Jaques,Gecsei,Staff,9999-01-01
427852,Adil,Kieras,Senior Engineer,9999-01-01
428082,Ronghao,Alpin,Senior Staff,9999-01-01
428160,Jamaludin,Kalorkoti,Senior Staff,9999-01-01
428195,Hatsukazu,Rosca,Senior Staff,9999-01-01
428219,Ghassan,Androutsos,Senior Staff,9999-01-01
428917,Theron,Billawala,Assistant Engineer,9999-01-01
429087,Hugh,Senzako,Technique Leader,9999-01-01
429231,Kazuyasu,Schmiedel,Senior Staff,9999-01-01
429238,Mona,Luck,Senior Staff,9999-01-01
429249,Alassane,Wolniewicz,Engineer,9999-01-01
429316,Seshu,Hiraishi,Staff,9999-01-01
429381,Limsoon,Roohalamini,Senior Staff,9999-01-01
429481,Subhada,Emmerich,Engineer,9999-01-01
429520,Yongqiao,Francisci,Engineer,9999-01-01
429532,Bartek,Vendrig,Senior Staff,9999-01-01
429569,Fumiya,Chappelet,Engineer,9999-01-01
429703,Ung,Honglei,Staff,9999-01-01
429899,Ranan,Marsiglia,Staff,9999-01-01
429954,Renny,Gladwell,Staff,9999-01-01
430054,Erzsebet,Setiz,Senior Engineer,9999-01-01
430558,Xiong,Roisin,Senior Engineer,9999-01-01
430593,Janalee,Lanzelotte,Senior Staff,9999-01-01
430631,Kersti,Marsiglia,Engineer,9999-01-01
430891,Khalil,Gien,Senior Engineer,9999-01-01
431576,Masamitsu,Back,Staff,9999-01-01
431657,Visit,Thiran,Engineer,9999-01-01
431882,Hideo,Varman,Engineer,9999-01-01
431887,Poorav,Ranst,Senior Engineer,9999-01-01
432031,Adamantios,Matzat,Staff,9999-01-01
432034,Arfst,Uehara,Senior Staff,9999-01-01
432121,Alair,Straney,Staff,9999-01-01
432257,Kwangjo,Hiltgen,Engineer,9999-01-01
432261,Arve,Bergere,Engineer,9999-01-01
432399,Nitsan,Nollmann,Senior Engineer,9999-01-01
432523,Takahiro,Maquelin,Engineer,9999-01-01
432665,Flemming,Driscoll,Engineer,9999-01-01
432787,Toshiko,Ibel,Senior Engineer,9999-01-01
432956,Qunsheng,Birrer,Senior Staff,9999-01-01
433059,Bojan,Montresor,Staff,9999-01-01
433157,Tomofumi,Serna,Staff,9999-01-01
433260,Make,Olivero,Assistant Engineer,9999-01-01
433438,Keiichiro,Miyakawa,Staff,9999-01-01
434845,Takushi,Skogmar,Senior Staff,9999-01-01
434936,Sahrah,Rosis,Senior Engineer,9999-01-01
435042,Brigham,Borstler,Staff,9999-01-01
435060,Moie,Lieblein,Staff,9999-01-01
435181,Kazuhide,Fiutem,Senior Staff,9999-01-01
435289,Feixiong,Schurmann,Staff,9999-01-01
435305,Berthier,Pramanik,Senior Staff,9999-01-01
435370,Conal,Basart,Senior Staff,9999-01-01
435588,Genta,Pepe,Senior Staff,9999-01-01
435602,Dietrich,Kranzdorf,Senior Staff,9999-01-01
435774,Olivera,Bharadwaj,Senior Staff,9999-01-01
435791,Hercules,Speer,Engineer,9999-01-01
436558,Subir,Greibach,Senior Engineer,9999-01-01
436797,Ohad,Henders,Staff,9999-01-01
436827,Wojceich,Limongiello,Senior Staff,9999-01-01
436915,Feixiong,Haraldson,Staff,9999-01-01
437276,Dines,DeMori,Staff,9999-01-01
437369,Kazuhide,Biran,Senior Staff,9999-01-01
437395,Sumant,Thambidurai,Staff,9999-01-01
437724,Erez,Luft,Staff,9999-01-01
437870,Kerhong,Lorho,Staff,9999-01-01
438038,Lena,Giaccio,Senior Staff,9999-01-01
438264,Rasikan,Barreiro,Senior Staff,9999-01-01
438557,Lidong,Swist,Engineer,9999-01-01
439377,Mari,Plessier,Senior Engineer,9999-01-01
439905,Kousuke,Levasseur,Staff,9999-01-01
439924,Gunilla,Kisuki,Staff,9999-01-01
440325,Douadi,Sullins,Senior Staff,9999-01-01
440435,Sandeepan,Rosti,Senior Engineer,9999-01-01
440450,Tzvetan,Scharstein,Senior Staff,9999-01-01
440642,Snehasis,Kalsbeek,Senior Staff,9999-01-01
440870,Filipp,Hasham,Staff,9999-01-01
440937,Fabrizio,Usery,Staff,9999-01-01
441197,Miquel,Legleitner,Senior Staff,9999-01-01
441536,Chinho,Collette,Senior Engineer,9999-01-01
441954,Leszek,Marchegay,Engineer,9999-01-01
441965,Claudi,Heijenga,Senior Staff,9999-01-01
442002,Ravishankar,Baig,Senior Staff,9999-01-01
442096,Martijn,DiGiano,Senior Engineer,9999-01-01
442312,Zengping,Cusworth,Engineer,9999-01-01
442490,Navid,Luke,Engineer,9999-01-01
442653,Mona,Hebden,Engineer,9999-01-01
442700,Siddarth,Masada,Staff,9999-01-01
442898,Aksel,Gire,Engineer,9999-01-01
443108,Christfried,Atrawala,Senior Staff,9999-01-01
443485,Marke,Klerer,Senior Staff,9999-01-01
443841,Shaw,Kading,Senior Staff,9999-01-01
443873,Vatsa,Ramsay,Staff,9999-01-01
444070,Heping,Skrikant,Staff,9999-01-01
444099,Kousuke,Worfolk,Senior Staff,9999-01-01
444208,Irena,Cesareni,Senior Staff,9999-01-01
444465,Prasadram,Bultermann,Senior Engineer,9999-01-01
444487,Udi,Rullman,Senior Engineer,9999-01-01
444643,Berna,Schonegge,Staff,9999-01-01
445067,Eldridge,Kawashima,Senior Engineer,9999-01-01
445152,Heping,Peac,Senior Staff,9999-01-01
445226,Oscar,Baumann,Senior Engineer,9999-01-01
445570,Van,Nations,Technique Leader,9999-01-01
445723,Gaurav,Roison,Staff,9999-01-01
445941,Masako,Dechter,Technique Leader,9999-01-01
445950,Ebru,Valtorta,Engineer,9999-01-01
446121,Fay,Cochrane,Staff,9999-01-01
446306,Hercules,Kabayashi,Senior Engineer,9999-01-01
446424,DAIDA,Nooteboom,Engineer,9999-01-01
446897,Takahiro,Dalton,Technique Leader,9999-01-01
446959,Aram,Passino,Senior Engineer,9999-01-01
447018,Dannz,Miara,Engineer,9999-01-01
447135,Gennady,Rouquie,Senior Staff,9999-01-01
447232,Aleksander,Schaaf,Senior Staff,9999-01-01
447376,Kirk,Zongker,Staff,9999-01-01
447544,Stabislas,Kakkad,Senior Staff,9999-01-01
447613,Paris,Restivo,Engineer,9999-01-01
447877,Make,Heuser,Engineer,9999-01-01
447931,Martijn,Jeong,Staff,9999-01-01
447966,Kamakshi,Hebert,Senior Engineer,9999-01-01
447982,Shiv,Baezner,Senior Engineer,9999-01-01
447999,Shiv,Vilarrasa,Senior Engineer,9999-01-01
448769,Mong,Dichev,Technique Leader,9999-01-01
448900,Mart,Talmor,Staff,9999-01-01
448918,Chiradeep,Arlazarov,Senior Engineer,9999-01-01
448994,Haldun,Syang,Staff,9999-01-01
449189,Jahangir,Bernatsky,Senior Staff,9999-01-01
449815,Fumitaka,Quittner,Senior Staff,9999-01-01
449984,Hinrich,Perin,Engineer,9999-01-01
450184,Selwyn,Henseler,Senior Engineer,9999-01-01
450255,Udo,Waymire,Technique Leader,9999-01-01
450309,Gill,Orlowska,Technique Leader,9999-01-01
450475,Saeed,Bahl,Senior Staff,9999-01-01
450817,DAIDA,Frolund,Engineer,9999-01-01
450888,Sedat,Rande,Senior Staff,9999-01-01
450934,Chanjung,Raoux,Senior Engineer,9999-01-01
450936,Yuriy,Ponthieu,Senior Staff,9999-01-01
451253,Jaihie,Ozeri,Staff,9999-01-01
451272,Jacopo,Krohm,Senior Engineer,9999-01-01
451275,Bedrich,Isard,Senior Staff,9999-01-01
451333,Radhika,Bonifati,Senior Staff,9999-01-01
452137,Subir,Miake,Senior Engineer,9999-01-01
452206,Arra,Esposito,Staff,9999-01-01
452325,Taiji,Berstel,Senior Engineer,9999-01-01
452347,Shigeichiro,Brattka,Staff,9999-01-01
452365,Fei,Gadepally,Assistant Engineer,9999-01-01
452956,Gou,Thombley,Senior Engineer,9999-01-01
452957,Alair,Nanard,Staff,9999-01-01
452982,Lobel,Aloia,Senior Staff,9999-01-01
453070,Aran,Rosenbaum,Staff,9999-01-01
453154,Gao,Lally,Staff,9999-01-01
453644,Berni,Takkinen,Staff,9999-01-01
453688,Chinya,Leslie,Engineer,9999-01-01
453723,Arne,Kohling,Senior Engineer,9999-01-01
453760,Ewing,Rajala,Staff,9999-01-01
453790,Fai,Keirsey,Senior Engineer,9999-01-01
453913,Stein,Perng,Senior Staff,9999-01-01
454338,Mohammed,Georg,Engineer,9999-01-01
454378,Gina,Ossenbruggen,Technique Leader,9999-01-01
454736,Nechama,Ermel,Engineer,9999-01-01
454791,Xiaoqiu,Pietracaprina,Senior Engineer,9999-01-01
454825,Kamakshi,Schusler,Engineer,9999-01-01
454994,Mohan,Picht,Engineer,9999-01-01
455175,Soenke,Zaumen,Senior Staff,9999-01-01
455284,Luisa,Baig,Engineer,9999-01-01
455726,Qiwen,Kriebel,Staff,9999-01-01
455814,Giao,DuCasse,Engineer,9999-01-01
455914,Peer,Angelopoulos,Engineer,9999-01-01
456767,Tetsurou,Schreiter,Senior Staff,9999-01-01
456982,Shounak,Dratva,Engineer,9999-01-01
457070,Gay,Plavsic,Staff,9999-01-01
457146,Jinpo,Heyers,Staff,9999-01-01
457305,Sorina,Lakshmanan,Staff,9999-01-01
457337,Xumin,Beidas,Technique Leader,9999-01-01
457411,Xudong,Peck,Senior Engineer,9999-01-01
457489,Berna,Ranst,Engineer,9999-01-01
457611,Indrajit,Krogh,Engineer,9999-01-01
457776,Florian,Siepmann,Engineer,9999-01-01
457813,Foong,Gargeya,Engineer,9999-01-01
457832,Jackson,Zielinski,Senior Engineer,9999-01-01
457938,Arch,Picco,Senior Staff,9999-01-01
458111,Florian,Tramer,Engineer,9999-01-01
458134,Thanasis,Standera,Staff,9999-01-01
458191,George,Atchley,Staff,9999-01-01
458383,Mabhin,Foote,Engineer,9999-01-01
458726,Shahaf,Kitai,Senior Staff,9999-01-01
458790,Ramya,Azadmanesh,Senior Engineer,9999-01-01
459172,Val,Rissanen,Engineer,9999-01-01
459356,Pramod,Wendorf,Engineer,9999-01-01
459429,Mohit,Verhaegen,Senior Staff,9999-01-01
459685,Hirochika,Goldhammer,Engineer,9999-01-01
460131,Adly,Hambrick,Staff,9999-01-01
460691,Munehiko,Gihr,Senior Staff,9999-01-01
460707,Yoshinari,Lanteri,Engineer,9999-01-01
460920,Remzi,Mitzlaff,Senior Staff,9999-01-01
461120,Shietung,Gelosh,Engineer,9999-01-01
461270,Mrinalini,Mawatari,Staff,9999-01-01
461801,Sumali,Cooman,Senior Staff,9999-01-01
462493,Paloma,Gerlach,Engineer,9999-01-01
462795,Somnath,Cummings,Senior Staff,9999-01-01
463023,Itzchak,Penn,Staff,9999-01-01
463099,Jinxi,Schmiedel,Staff,9999-01-01
463212,Ramya,Rossi,Senior Engineer,9999-01-01
463472,Jaber,Sethi,Technique Leader,9999-01-01
463495,Alenka,Barriga,Senior Staff,9999-01-01
464284,Huiqun,Henders,Senior Staff,9999-01-01
464303,Abdelghani,Nyrup,Senior Staff,9999-01-01
465062,Stafford,Gist,Engineer,9999-01-01
465076,Tokuyasu,Ghelli,Engineer,9999-01-01
465085,Vidar,Gunderson,Senior Staff,9999-01-01
465409,Shahid,Varman,Senior Staff,9999-01-01
465501,Mrinalini,Gire,Senior Staff,9999-01-01
465711,Lakshmi,Frijda,Senior Engineer,9999-01-01
465853,Kwan,Kampfer,Staff,9999-01-01
465874,Herb,Picht,Assistant Engineer,9999-01-01
466064,Temple,Danlos,Senior Staff,9999-01-01
466367,Hiroyasu,Strandh,Senior Staff,9999-01-01
466509,Bezalel,Verhoeff,Engineer,9999-01-01
466603,Yechezkel,Nourani,Senior Staff,9999-01-01
466745,Boalin,Birsak,Senior Staff,9999-01-01
467176,Przemyslawa,Borovoy,Senior Staff,9999-01-01
467269,Nahum,Lambe,Technique Leader,9999-01-01
467392,Mariusz,Rikino,Senior Engineer,9999-01-01
467441,Margareta,Bondorf,Senior Engineer,9999-01-01
467591,Kiyotoshi,Hennebert,Staff,9999-01-01
467886,Sivanarayana,Chandrasekhar,Senior Staff,9999-01-01
467918,Tsuneo,Skrikant,Staff,9999-01-01
468360,Huei,Saoudi,Technique Leader,9999-01-01
468417,Kamakshi,Huhdanpaa,Senior Engineer,9999-01-01
468659,Ranga,Lemarechal,Senior Engineer,9999-01-01
468773,Baziley,Brookner,Senior Engineer,9999-01-01
469104,Nadjib,Comellas,Senior Engineer,9999-01-01
469253,Baruch,Basawa,Engineer,9999-01-01
469269,Weiyi,Codenie,Engineer,9999-01-01
469366,Aiman,Wilfing,Senior Engineer,9999-01-01
469399,Hongzhu,Ruemmler,Engineer,9999-01-01
469527,Halsur,Ibel,Staff,9999-01-01
469529,Neven,Rikino,Engineer,9999-01-01
469735,Arif,Stranks,Senior Engineer,9999-01-01
469867,Hein,Jonsson,Senior Staff,9999-01-01
470456,Reuven,Oehlmann,Senior Staff,9999-01-01
470472,Zhiguo,Staudhammer,Engineer,9999-01-01
471397,Nigel,Zirintsis,Engineer,9999-01-01
471532,Feiyu,Decleir,Technique Leader,9999-01-01
471552,Basem,Lortz,Staff,9999-01-01
471911,Arun,Zaccaria,Assistant Engineer,9999-01-01
471939,Kazuhiko,Marshall,Staff,9999-01-01
472052,Godehard,Chinal,Assistant Engineer,9999-01-01
472143,Yahiko,Sommen,Senior Staff,9999-01-01
472238,Jungsoon,Gubsky,Senior Engineer,9999-01-01
472790,Zhenbing,Ibel,Senior Engineer,9999-01-01
472950,Weidon,Fordan,Senior Engineer,9999-01-01
473268,Hugo,Sgarro,Senior Staff,9999-01-01
473299,Khaled,Penn,Senior Staff,9999-01-01
473490,Pantung,Reeker,Senior Staff,9999-01-01
473940,Avishai,Majewski,Engineer,9999-01-01
474331,Sugwoo,Eugenio,Senior Staff,9999-01-01
474763,Mayuko,Clouatre,Engineer,9999-01-01
474796,Zongyan,Shackel,Technique Leader,9999-01-01
475087,Genevieve,Snedden,Senior Engineer,9999-01-01
475258,Fumiyo,Feinberg,Senior Staff,9999-01-01
475538,Christophe,Leaver,Staff,9999-01-01
475938,Shigeaki,Lanteri,Senior Engineer,9999-01-01
475965,Rimon,Pietracaprina,Senior Engineer,9999-01-01
476055,Girolamo,Schlumberger,Staff,9999-01-01
476122,Khun,Spieker,Engineer,9999-01-01
476327,Reinhold,Binkley,Engineer,9999-01-01
476361,Doohun,Preusig,Technique Leader,9999-01-01
477350,Terresa,Vigier,Staff,9999-01-01
477578,Marit,Paludetto,Engineer,9999-01-01
477969,Bluma,Mundy,Engineer,9999-01-01
478007,Fumino,Narahara,Engineer,9999-01-01
478170,Doowon,Schoegge,Assistant Engineer,9999-01-01
478218,Djenana,Erol,Engineer,9999-01-01
478439,Yuichiro,Bale,Technique Leader,9999-01-01
478768,Arun,Katzenelson,Engineer,9999-01-01
478799,Shaw,Borovoy,Senior Staff,9999-01-01
478833,Pradeep,Valiente,Engineer,9999-01-01
478858,Hidekazu,Perna,Staff,9999-01-01
479024,Ewing,Kalorkoti,Engineer,9999-01-01
479407,Randi,Tomescu,Assistant Engineer,9999-01-01
479601,Kayoko,Bahi,Staff,9999-01-01
479695,Masamitsu,Murrill,Senior Staff,9999-01-01
480035,Sukumar,Georg,Senior Staff,9999-01-01
480066,Suebskul,Menhardt,Engineer,9999-01-01
480178,Uinam,Rahier,Senior Staff,9999-01-01
480268,Gaurav,Cheshire,Technique Leader,9999-01-01
480407,Deniz,Bennis,Engineer,9999-01-01
481050,Weiru,Burnard,Senior Staff,9999-01-01
481213,Shigehiro,Haldar,Senior Staff,9999-01-01
481397,Luisa,Chelton,Assistant Engineer,9999-01-01
481764,Teiji,Marrakchi,Senior Engineer,9999-01-01
481790,Haldun,Erie,Senior Engineer,9999-01-01
482335,Kwangyoen,Peck,Engineer,9999-01-01
482354,Jayson,Zockler,Staff,9999-01-01
482755,Jouni,Conia,Senior Staff,9999-01-01
482885,Shaunak,Brizzi,Engineer,9999-01-01
482905,Aral,Hebden,Senior Staff,9999-01-01
482944,Duke,Journel,Staff,9999-01-01
483401,Rosita,Pokrovskii,Senior Staff,9999-01-01
483675,Hausi,Kamber,Engineer,9999-01-01
483825,Marek,Mitchem,Senior Engineer,9999-01-01
483838,Sham,Kavanagh,Assistant Engineer,9999-01-01
483978,Dung,Tanemo,Staff,9999-01-01
484126,Manton,Lueh,Senior Staff,9999-01-01
484142,Perry,Cooman,Senior Staff,9999-01-01
484498,Herbert,Hammerschmidt,Senior Engineer,9999-01-01
484756,Phule,Ruemmler,Engineer,9999-01-01
485253,Gladys,Parhami,Senior Staff,9999-01-01
485489,Keiichiro,Armand,Senior Engineer,9999-01-01
485577,Rafael,Menhoudj,Senior Engineer,9999-01-01
485579,Munehiro,Iwayama,Engineer,9999-01-01
485799,Yoshimitsu,Litvinov,Senior Staff,9999-01-01
485817,Mahmut,Bolotov,Engineer,9999-01-01
486068,Yefim,Bernardeschi,Senior Staff,9999-01-01
486808,Geoffrey,Siochi,Senior Engineer,9999-01-01
486918,Yagil,Remmers,Senior Staff,9999-01-01
486956,Matt,Ruemmler,Engineer,9999-01-01
486958,Tonny,Kropf,Engineer,9999-01-01
487008,Zhigen,Raney,Senior Staff,9999-01-01
487505,Uno,Jayawardene,Staff,9999-01-01
487988,Ekawit,Schaft,Senior Staff,9999-01-01
488095,Francoise,Hegner,Senior Staff,9999-01-01
488142,Denis,Narlikar,Senior Staff,9999-01-01
488482,Kensyu,Tsunoo,Engineer,9999-01-01
488540,Breannda,Maquelin,Senior Staff,9999-01-01
488619,Georgy,Bennis,Engineer,9999-01-01
488693,Jiong,Zultner,Senior Engineer,9999-01-01
488707,Mihalis,Remmers,Senior Staff,9999-01-01
488752,Nimmagadda,Baja,Staff,9999-01-01
488788,Wuxu,Garigliano,Staff,9999-01-01
488984,Kendra,Junet,Senior Staff,9999-01-01
489755,Matk,Chorvat,Senior Staff,9999-01-01
489756,Kersti,Miculan,Staff,9999-01-01
489928,Satoru,Janetzko,Assistant Engineer,9999-01-01
490551,Lalit,Lindqvist,Engineer,9999-01-01
490557,Luise,Vigier,Engineer,9999-01-01
490568,Zita,Reistad,Senior Engineer,9999-01-01
490720,Younwoo,Samarati,Senior Engineer,9999-01-01
491079,Kwangsub,Keirsey,Senior Engineer,9999-01-01
491162,Panayotis,Hempstead,Senior Engineer,9999-01-01
491478,Gill,Varman,Staff,9999-01-01
491596,Charmane,Pargas,Engineer,9999-01-01
491632,Gadiel,Perly,Senior Staff,9999-01-01
492000,Valeska,Cools,Senior Staff,9999-01-01
492052,Udo,Ratnakar,Staff,9999-01-01
492217,Heekeun,Verhaegen,Senior Engineer,9999-01-01
492639,Sanjoy,Porenta,Engineer,9999-01-01
492677,Goetz,McAffer,Engineer,9999-01-01
493031,Hironoby,Jakobus,Senior Staff,9999-01-01
493048,Muzhong,Berztiss,Senior Staff,9999-01-01
493096,Sachem,Msuda,Engineer,9999-01-01
493744,Leni,Kropatsch,Senior Engineer,9999-01-01
494019,Morrie,Iisaku,Senior Staff,9999-01-01
494088,Phule,Dahlbom,Engineer,9999-01-01
494493,Masasuke,Koprowski,Staff,9999-01-01
494995,Yongmao,Pouyioutas,Staff,9999-01-01
496100,Pranjal,Reinhard,Staff,9999-01-01
496970,Giordano,Maquelin,Senior Engineer,9999-01-01
496978,Danco,Debuse,Senior Staff,9999-01-01
497007,Oldrich,Adachi,Senior Engineer,9999-01-01
497174,Sanjiv,Bressoud,Senior Engineer,9999-01-01
497340,Fayez,Keohane,Senior Staff,9999-01-01
497391,Paris,Lieblein,Engineer,9999-01-01
497835,Shuho,Laurillard,Technique Leader,9999-01-01
498185,Caolyn,Marciano,Senior Engineer,9999-01-01
498337,Naraig,Docker,Staff,9999-01-01
498456,Geraldo,Gerteisen,Staff,9999-01-01
498635,Florian,Pezzoli,Staff,9999-01-01
498838,Sanjay,Ciolek,Senior Staff,9999-01-01
498845,Arumugam,Pelc,Senior Engineer,9999-01-01
498955,Nechama,Kandlur,Engineer,9999-01-01
499194,Padma,Delgrange,Senior Staff,9999-01-01
499260,Danae,Honglei,Engineer,9999-01-01
499495,Baoqiu,Kakkar,Engineer,9999-01-01
